filepath,xmin,xmax,ymin,ymax
./Images/car-wbs-KL16J3636_00000_jpeg.rf.40a353288042807c347854a8ec58bdc5.xml,157,327,70,111
./Images/254b647f-4cb3-46c3-a206-4e70041f4c78___speedex-number-plates-nandanam-chennai-car-number-plate-dealers-33nu2i6-jpg_jpeg.rf.239a7688b78dfb168ac477bd9a02bac8.xml,114,220,85,116
./Images/car-wbs-MH20BQ20_00000_png.rf.08220126c86307f6891b4f72b56585b2.xml,160,309,124,157
./Images/ba457a81-cf10-4879-8e8f-3a0a8d10689a___3e7fd381-0ae5-4421-8a70-279ee0ec1c61_hqdefault_jpg.rf.dcf62ad02c4767f079e98585c697b0d8.xml,183,275,204,225
./Images/7f768bfc-4c86-4fff-932d-c9871a82dce5___1431955d1446017445-number-plates-merchandise-canvas-ink-gurgaon-edit-closed-thumb_img_4422_1024-jpg_jpeg.rf.50b87e765556851faf614ea607c6abbb.xml,237,486,504,591
./Images/car-wbs-KL60N5344_00001_jpeg.rf.6abf4c26b7132e73446ba33227bd4661.xml,178,316,232,273
./Images/9cad4b47-6c7b-4e30-ab55-b7fa040beb56___135717d1400912281-skoda-rapid-1-6tdi-cr-mt-elegance-ultima-candy-white-white-monster-_mg_2993comp-jpg_jpeg.rf.8d38f739891fada2606f5f403c410de7.xml,69,175,230,269
./Images/car-wbs-TN74F3339_00000_jpeg.rf.fab1d2326ad18b7e54d21bd0122f6111.xml,227,312,180,216
./Images/f5bbb8da-dddd-47ae-a46c-15492f9cf752___3e7fd381-0ae5-4421-8a70-279ee0ec1c61_10187746544_0c0822790e_jpg.rf.11cc9a98b11bbb08abf642cdef38334a.xml,111,138,197,225
./Images/2430703d-0fb3-4eb2-9765-4f9301f232cd___3e7fd381-0ae5-4421-8a70-279ee0ec1c61_Terrano-Duster-Rear-Comparison_jpg.rf.c51aae427a6d28338b35383ec8f1bf5d.xml,635,785,261,323
./Images/car-wbs-KL54A2670_00000_png.rf.16f71d206851baf54c72cc6d93722953.xml,66,152,89,108
./Images/car-wbs-MH20BY4465_00000_jpeg.rf.dd73e86ce2bf2d244533a721f6901a3b.xml,60,140,130,155
./Images/car-wbs-TN45BA1065_00000_jpeg.rf.a0f9c25acab1e42dfd1b57761919d8f1.xml,92,196,85,113
./Images/27a88c24-0bf2-48b0-98a8-fa396e951045___3e7fd381-0ae5-4421-8a70-279ee0ec1c61_7T4G0491-e1376988169395-1024x577_jpg.rf.bf41848079e3dc4bc7700c94c3ff8276.xml,585,715,289,341
./Images/f9e27b82-9e65-44ba-bf9a-b3ced8901937___Skoda-Superb-Exterior-deadfront-69204-jpg_jpeg.rf.47816cd1fc503cca5612749c432e57dc.xml,203,383,186,226
./Images/car-wbs-GJ05JH2501_00001_jpg.rf.2e24de65874cca64b46dc42af0676cd2.xml,128,257,289,345
./Images/af058398-67d6-4d0e-a6d9-afc1cb184e5b___3e7fd381-0ae5-4421-8a70-279ee0ec1c61_hqdefault3_jpg.rf.60b7510053087c549742ebfd1b79c781.xml,146,235,210,243
./Images/31847e78-6696-4dc2-be08-cb37d512c576___2010_Maruti_WagonR_Review-jpg_jpeg.rf.9ce8bb248a6fd4106a54dd88722c78b4.xml,24,161,267,320
./Images/car-wbs-TN21AU1153_00000_png.rf.fc50b18254649ea22e784e4594dc2dc3.xml,64,137,216,244
./Images/88294212-f11c-46a7-a91a-04c9da19efa6___DSC_8221-L-jpg_jpeg.rf.a129d7afcc4e26d5ce929a68b3ab2d24.xml,231,315,199,234
./Images/11186c4c-5f17-49b1-af37-a138a1e53794___12837944763_e7c6c6381a_z-jpg_jpeg.rf.ba099a595c9d1c864b3035f3c65220ce.xml,220,438,184,244
./Images/car-wbs-MH14EH5819_00000_jpeg.rf.e75369869d54130cb986c5cbf374d5ec.xml,293,408,193,230
./Images/car-wbs-TN58AM1_00000_jpeg.rf.75bf3585abaa39a00293bc5d7260e7a7.xml,168,359,397,443
./Images/ed9cd3b2-76a2-4cc8-9e4e-76d50ad1ff68___maruti-suzuki-wagon-r-hood-open-view-jpg_jpeg.rf.7529d1eaeb652a28cf3b552e8a0d3a72.xml,126,231,270,292
./Images/car-wbs-MH02CB4545_00000_jpeg.rf.8d6edc85a62fea958367dacd542147e1.xml,86,254,199,260
./Images/car-wbs-TN28BA9999_00000_jpeg.rf.bc739983e09fff77e16092267dc47263.xml,198,383,419,471
./Images/3fd93f90-f778-4f14-8b0f-67dd0be88a06___561644d1308248087-beware-fake-registration-numbers-imported-cars-proof-pg-3-257491_10150223034216705_685851704_7325894_6829197_o-jpg_jpeg.rf.e1141de36baacb48179e962a538d80c8.xml,76,186,197,255
./Images/59a29a85-30f5-469e-a6c2-e1af171f151c___3e7fd381-0ae5-4421-8a70-279ee0ec1c61_10187746494_417a40a489---Copy_jpg.rf.d18f933bd1144324e53f395d6c0c091b.xml,105,166,176,204
./Images/6e52e238-927b-46e0-a8f1-5f77ef1ecf9f___3e7fd381-0ae5-4421-8a70-279ee0ec1c61_nissan-terrano-rear_jpg.rf.ded1d9d8f9a3385d5dac05e717bd493b.xml,163,288,240,267
./Images/5cbd7465-ad12-4e6b-8eaf-d7056c3852f8___New-2018-Maruti-Suzuki-Swift-radiator-grille-600x398-jpg_jpeg.rf.9604b2514a2b766356f30972518f6e05.xml,339,494,240,295
./Images/b9467810-4022-4cf5-87e7-fed0d63c8e2f___new_1658240d1500548920-close-look-2017-skoda-octavia-facelift-hands-free-parking-front-bumper-jpg_jpeg.rf.645d80199b19b3aeceb73a7de5d8536b.xml,165,334,130,178
./Images/car-wbs-MH03CB6467_00000_jpg.rf.fec1f321c17bf8a50ab3182f1d46fa38.xml,83,232,235,271
./Images/fd0140cc-e887-43b8-a439-24877ea77670___Maruti-Suzuki-Baleno-Number-Plates-Design-jpg_jpeg.rf.8e6b777ac1437c8442d9cb7a7be38ee9.xml,148,380,142,192
./Images/13ffaad4-a186-46bd-ae5d-924d1c8d7c50___maruti-suzuki-Baleno-RS-pics-48-jpg_jpeg.rf.2a6df7affa06afeb6812facbb006010c.xml,649,739,339,390
./Images/car-wbs-MH20EE7598_00000_png.rf.6fa50d0cd40eac21ac926418122f9fd8.xml,124,284,169,209
./Images/266d82c7-1b64-44cd-b77c-c08d98175390___3e7fd381-0ae5-4421-8a70-279ee0ec1c61_5c752daa8d168dec865fe0462bf2c0bb_large_jpg.rf.a30fd1e1761ec6b6e3b7023657e7f068.xml,169,291,350,390
./Images/07e787a7-6cc3-482c-9ce5-f0ce115b47f1___new_VW-Polo-GT-TSI-badges-on-the-boot-lid-jpg_jpeg.rf.a7ec27ba5d457522cda16474c9d1d095.xml,38,335,34,94
./Images/8906af57-0d29-417d-ac46-408425527b57___VW-Vento-TDI-CNG-Spy-Pic-2-jpg_jpeg.rf.aa6c0c995005a6b05fc84dfd2de73384.xml,250,367,240,297
./Images/car-wbs-MH03BS7778_00002_jpeg.rf.f49ce27a425fbb034584ddfc9a723b84.xml,257,473,418,471
./Images/38cee3dd-dead-4ba0-b350-0f82d94836da___3e7fd381-0ae5-4421-8a70-279ee0ec1c61_big_467860_1505633598_jpg.rf.05a99d47218559560d6a5bb32e798a30.xml,309,414,332,382
./Images/6cd15e75-3e26-41f2-a6aa-b1b58dec1c48___volkswagen-polo-exquisite-limited-edition-m1_720x540-jpg_jpeg.rf.ec9c6c94cf3dc79a64fab3af0f58b9bd.xml,16,92,249,308
./Images/a1928183-9ebe-40f0-9a84-500aecc61474___2014-Skoda-Superb-facelift-spied-in-India-jpg_jpeg.rf.4c9d68878088b0daeaa8ad68a3c191c1.xml,414,522,172,206
./Images/car-wbs-TN21BZ0768_00000_png.rf.c9fb7af696a15a64f91175db62ee0163.xml,122,188,208,228
./Images/car-wbs-HR26BC5514_00000_png.rf.fb1766cf52f570c6ca98a2072dac9ad2.xml,161,247,202,224
./Images/51d58875-0bdc-4488-84d9-8b7ad5883863___new_Maruti-Suzuki-Ignis-Rear-view-94486-jpg_jpeg.rf.9ac798c8b3a2c127ccc3dff128019740.xml,102,209,153,184
./Images/7073bd18-c0bf-47da-9e43-8c9d27831f11___new_Skoda-Laura-rear-jpg_jpeg.rf.708efde2889d76b4324d6a149e4ed738.xml,204,297,165,188
./Images/1e7151e6-8626-4fb2-b7e8-0fb6a8fde713___3e7fd381-0ae5-4421-8a70-279ee0ec1c61_a19be5870f8f2593c994c465a691477e_555X416_1_jpg.rf.4764329ff062e8a3e30b1927289ad64f.xml,237,323,228,259
./Images/f8a992cc-a1cc-4d68-88c1-bec1a46fc148___Honda-City-Number-Plates-Design-jpg_jpeg.rf.30ad591a9614858418428115cef7ad13.xml,192,378,351,414
./Images/car-wbs-TN07BU5427_00001_jpeg.rf.0a857e3b02dac0a7bb379d2b668e821a.xml,117,379,499,604
./Images/aff1f53b-3259-44f0-9718-05fb64dc8ba1___Untitled_png.rf.d512544638c87c2b941b81a593c614ea.xml,86,186,144,166
./Images/3c0a3772-d18d-4ff7-861c-7e50b7974edb___1393874-take-look-number-plate-imageuploadedbyteambhp1437414250-447892-jpg_jpeg.rf.e2fb0487f6580b2399d3375058f26d98.xml,158,339,192,249
./Images/11832b13-d514-4f1d-967c-d00e76d21e9b___Yellow-Number-Plate-With-Black-Lettering-jpg_jpeg.rf.677e66f9ac460aa9e4095beb3927427c.xml,120,240,165,204
./Images/8187c22d-5fa4-4976-9c00-80b2ab66b97d___1290890d1411349145-take-look-number-plate-img_20140903_093600_hdr-jpg_jpeg.rf.4048a4902c193d1b76261b830b33a42e.xml,83,236,235,322
./Images/f5bbb8da-dddd-47ae-a46c-15492f9cf752___3e7fd381-0ae5-4421-8a70-279ee0ec1c61_10187746544_0c0822790e---Copy_jpg.rf.e047f794cfc210296d1ec1f70bab6a81.xml,105,158,182,201
./Images/44ee098a-c33c-47a2-9dcb-717c02d5a240___3e7fd381-0ae5-4421-8a70-279ee0ec1c61_2013-Nissan-Terrano-Front_jpg.rf.d1e64c20901b65cf0d4add3b56d55fe8.xml,264,505,505,575
./Images/e4907f73-1fbc-412c-a766-9c81bb31449c___2016-Chevrolet-TrailBlazer-India-Test-Drive-Review-e1442832290349-jpg_jpeg.rf.ffa1628d8e28dd98ec4d2ede764b746a.xml,56,178,294,339
./Images/car-wbs-MH20BN3525_00000_jpeg.rf.c255d625645f5705cdc7c7cf08854cf6.xml,122,283,199,241
./Images/car-wbs-MH04DW8351_00000_jpeg.rf.d0f3d781110030934f9db15584969870.xml,131,280,176,215
./Images/car-wbs-GJ03JL0126_00000_png.rf.64d20b49f29885dbc1b0ff2876cf4b85.xml,154,249,142,169
./Images/car-wbs-TN21AT0480_00000_jpg.rf.d85704241de1a4fadbbd46e47cc16357.xml,183,388,322,378
./Images/car-wbs-TN66U8215_00000_jpeg.rf.64083ba108b276910f316f077f70682e.xml,43,410,89,182
./Images/a2f87691-b9f5-4274-ac5a-8764e9ba282c___1571669d1477648169-your-favourite-number-plate-font-13-jpg_jpeg.rf.700dbf832015268450d67482ef8a9034.xml,262,1377,195,657
./Images/car-wbs-MH14DX9937_00000_png.rf.d7e5c9a48a862478c8b966f639e1cbcf.xml,222,333,170,202
./Images/41de2ad0-3785-488e-9f1f-75b76f446cc7___Maruti-Alto-K10-Photos-2-jpg_jpeg.rf.e2309413df2f9ad8b6ce83048ced2b80.xml,127,313,300,351
./Images/car-wbs-KL60N5344_00000_jpeg.rf.ce6ae3ac9815b1bfb274d61d94feda5d.xml,16,151,144,181
./Images/092c497e-623d-499d-822a-4b01c657389b___3e7fd381-0ae5-4421-8a70-279ee0ec1c61_nissan-terrano-rear-left-rim_jpg.rf.09f7e67e83bb1f78b650a724afcbf9b4.xml,110,176,162,189
./Images/93b6319a-5886-48d8-8a69-07d586751553___2014-VW-Polo-facelift-first-drive-rear-number-plate-jpg_jpeg.rf.40c103cc8cfc440b76bd040a326bd62e.xml,372,1019,311,521
./Images/car-wbs-UP50AS4535_00000_jpg.rf.f0fa33b1492410c8425cb58aac26a0f2.xml,402,621,434,488
./Images/car-wbs-KL10AV6633_00000_jpg.rf.730053feaffc6921ed5d23e154bf0f14.xml,316,669,431,535
./Images/97846647-16f1-4ee2-b260-60774a21cc74___new_Maruti-Suzuki-Swift-Dzire-1-jpg_jpeg.rf.d7878b70a61fabab8bf41c59a3fd437e.xml,110,253,152,183
./Images/d5ddd1e6-56ca-4991-994e-cb78fe836a47___3e7fd381-0ae5-4421-8a70-279ee0ec1c61_2013-Nissan-Terrano-Review_jpg.rf.6f563bf9767ff85e8c0f686bd86a0ab1.xml,456,591,339,395
./Images/78a85f8b-de01-4036-ae91-2a1fa48bcf9f___new_995920d1349421647-cappuccino-beige-czech-tank-here-my-skoda-laura-2-0-elegance-mt-20121005_121433-jpg_jpeg.rf.f35d344affee19a145b8c6f6eb227e3f.xml,150,339,220,266
./Images/6bf2730d-82bf-43ac-8802-b61315d85b96___2017-Skoda-Octavia-rear-high-revealed-for-India-images-jpg_jpeg.rf.aa991178d7caf539063528bfc0204150.xml,104,260,239,272
./Images/car-wbs-GJ05JH2501_00000_jpg.rf.798a7f67d5bbec7b53dcecab9cd61570.xml,136,271,231,273
./Images/7506a48d-2c70-4b12-b300-463754bc7837___165979d1427773878-new-volkswagen-vento-2016-launched-india-vw-vento-facelift-rear-india-spotted-test-jpg_jpeg.rf.3f2a79ed48884bbe27658c6fcd8e8cac.xml,315,535,259,339
./Images/ca18d733-ec53-49d9-87aa-a9f6c52cc7bb___VW-Polo-GT-TSI-badge-on-the-grille-jpg_jpeg.rf.a0297609f8ae0506bb85de511d0a8318.xml,107,392,222,294
./Images/018b52e6-e9a1-42c2-8ce7-0617e8c8e021___3e7fd381-0ae5-4421-8a70-279ee0ec1c61_sbtb02_auto1_JPG.rf.94be8f41709439d6238ab5b357e86c4e.xml,333,396,204,229
./Images/6f78077e-a3a1-4fb9-89ba-5870d75ccdb8___Innova_Crysta_Car_Euro_number_Plates-jpg_jpeg.rf.9c2b476030dbfe52d17c25dcdb17f8d8.xml,168,282,101,139
./Images/23d775eb-842f-4f57-ad7a-affafa21660a___215453-new-2016-maruti-ertiga-granite-grey-zdi-shvs-highway-champion-img_8168-jpg_jpeg.rf.37b2ba77beca97c9c571fee673777668.xml,109,281,282,348
./Images/319f51dc-9db2-4977-a43d-09561cdd54ab___1415806d1442489743t-raging-red-rover-r3-my-mahindra-scorpio-s10-4x4-nudge-guard-jpg_jpeg.rf.2c6ac33e5755a8589089c575a513791f.xml,273,511,1,61
./Images/93b6ca4e-17cc-4b12-b7f5-66fb37c6107c___number-plate-factory-fitted1-jpg_jpeg.rf.0fe7870a4202167f3bc2a78ad2897c18.xml,218,429,149,191
./Images/d9023f53-f90d-4b98-bd52-30796777ddcf___Maruti-Suzuki-Baleno-hatchback-56545-jpg_jpeg.rf.c3302ece1522bb68c7ad681929ee254d.xml,223,309,159,183
./Images/ef2dc97f-bc6d-49a3-9ddb-03f54f3a20e7___Skoda-Rapid-new-Exterior-84398-jpg_jpeg.rf.6774f3cce3f3f02aff0c18c886a6adb5.xml,208,345,274,313
./Images/00b42b2c-f193-4863-b92c-0245cbc816da___3e7fd381-0ae5-4421-8a70-279ee0ec1c61_Nissan-Terrano-Petrol-Review-Images-Black-Front-Angle_jpg.rf.c1af5ab742b1a0c855e5264e295a5595.xml,164,307,574,656
./Images/07f6d77a-652e-4885-8520-6d405d2f712f___3e7fd381-0ae5-4421-8a70-279ee0ec1c61_840539077_1_1080x720_nissan-terrano-xl-d-thp-110-ps-2016-diesel-_jpg.rf.777a594402100ccda14ef3fbff965fc4.xml,396,611,425,493
./Images/28574c06-ac11-422e-864f-a51b726bb9ba___3e7fd381-0ae5-4421-8a70-279ee0ec1c61_hqdefault0_jpg.rf.bae7dcfd9da45fd4d5d4cb02ea294fad.xml,119,214,201,231
./Images/79094948-25d3-418e-86fc-3c2d62917f62___513039-volkswagen-vento-test-drive-review-06032011612-jpg_jpeg.rf.30efd2d6e8af4ff9fecdf957c0f6ca34.xml,1068,2152,1016,1306
./Images/07064c2c-2aa3-4419-91a4-92916de8e54c___mahindra-scorpio-old-car-500x500-jpg_jpeg.rf.6f003cff871cedc1d2ae967722d23e4e.xml,201,335,285,355
./Images/c1d91c5e-128b-41d4-9f9d-ebfbef98b597___High_security_n15816-jpg_jpeg.rf.a52d88cb189e9b38b15a9cd7238f4794.xml,14,441,140,273
./Images/car-wbs-HR26BU0380_00000_png.rf.e975942b886f6a80f072238973847d5b.xml,97,163,184,208
./Images/b3e82163-400b-4211-bb99-a5b53fb13a25___new_IMG_8883-jpg_jpeg.rf.31672a2505cae0471983426da20b2c7b.xml,47,179,56,81
./Images/car-wbs-MH14EU3498_00000_jpeg.rf.0ed91c6cbd471ac140872dd71963dd75.xml,65,278,102,145
./Images/ad1f5cbc-7545-407e-8974-a03ddb7b7779___833542696_1_1080x720_mahindra-scorpio-vlx-4wd-airbag-bs-iv-2012-diesel--jpg_jpeg.rf.ad0d69e5050f2fbbe590a79ba1865b71.xml,412,595,419,465
./Images/4ed4509a-18ed-44cd-bfe3-b1cce982e365___3e7fd381-0ae5-4421-8a70-279ee0ec1c61_Nissan-Terrano-3_jpg.rf.809a407a259fbd0aba387eb4a5adc295.xml,290,496,311,379
./Images/346a6946-ae0a-4b3f-b094-d971124b2064___banner_3_png.rf.95d45433da35c07e3c1f32f9aa4d5bde.xml,331,574,182,245
./Images/fbc107b7-13d8-4a2d-b8be-7c96bd7d609c___new_9214a754343030395508e104d7948167_large-jpg_jpeg.rf.ca61fde0c8b3d12f0c9b53564d116b74.xml,101,289,346,399
./Images/cbd81ff4-fc2a-4cd5-bed6-0fef4c456caa___226616d1495986750-zoomcar-review-mahindra-scorpio-s4-09-pamban-jpg_jpeg.rf.bfb1202997919258494993aa0f5a3282.xml,816,1088,734,844
./Images/3d7cd880-ea4b-4d63-9706-bea1df54af20___135712d1400874352-skoda-rapid-1-6tdi-cr-mt-elegance-ultima-candy-white-white-monster-1911216_676392609084007_1524722860_o-jpg_jpeg.rf.ccf1c40096991e0862f415aa57ec5aa2.xml,304,484,247,311
./Images/9ea92991-8fdf-4b46-aea1-bf08ecff247c___new_1107433d1373284570-my-modded-skoda-rapid-now-166-bhp-351-nm-119-whp-per-tonne-hdr_00005_normal-jpg_jpeg.rf.4e20100acb16bd83e3c643ea66116bf8.xml,63,240,229,281
./Images/f59d42f8-dc55-4b60-bb91-c2db3644f2ff___841309873_1_1080x720_mahindra-scorpio-vlx-airbags-bs-iii-2012-diesel--jpg_jpeg.rf.c8708a6819203277716e41271edc0d46.xml,394,593,397,441
./Images/77d1f81a-bee6-487c-aff2-0efa31a9925c____bd7f7862-d727-11e7-ad30-e18a56154311-jpg_jpeg.rf.e610bfe347945ae0af4d18320f0dd196.xml,586,699,272,317
./Images/52b45060-9645-47c7-882d-b69a5bf07eff___1006372d1351343820-my-new-maruti-swift-zxi-21102012241-jpg_jpeg.rf.e289ec5d043a9005ce86db8436df327f.xml,215,355,310,356
./Images/b4eb91cd-3e77-40c2-bbe6-13d42f2ea4ba___INNOVA_Euro_Number_Plates-jpg_jpeg.rf.c6cc083eaa0a3fc7a72e1d8b4c838e62.xml,159,343,149,200
./Images/8c4371ee-a997-4b21-82c4-cb5e767c4d06___kia-sorento-spied-in-India-jpg_jpeg.rf.81fa48e799baff954975822c0f966421.xml,231,359,190,230
./Images/car-wbs-KA01CA2555_00000_png.rf.9b48ef185d3f04a70df6d3a217083827.xml,225,427,122,180
./Images/b5b41a4b-8913-4af6-9419-ac6398d266b0___161893107_2_1000x700_innava-with-fancy-number-upload-photos-jpg_jpeg.rf.1ec1609e5c3d1b83da76f6201d4f6a2d.xml,120,262,242,297
./Images/85d7e25d-5aa1-4e5f-9c4e-4e671f14ddbe___77cca4b6f3864b3928824a030ba101d2-jpg_jpeg.rf.820bee7ce4b2ab49b19131315d4a9e4d.xml,178,315,509,557
./Images/car-wbs-HR26DA2330_00000_jpeg.rf.5492296e3d57f1c8ab56c0362dfc88a2.xml,22,145,208,250
./Images/2302b12c-3d74-4d6c-b376-ba8ab308a8c3___big_215451_1320738450-jpg_jpeg.rf.bf4fcf2778b673aa818331930a48e95d.xml,128,209,131,156
./Images/car-wbs-MH20BN3525_00001_jpeg.rf.12a9668b157c0dc13b4479c114400300.xml,165,363,237,281
./Images/55aa4ee8-13fd-45bd-b83b-651ac665d71a___200560387_4_1000x700_2012-toyota-innova-diesel-130000-kms-cars-jpg_jpeg.rf.9f74c0f37695e56477e1e5d87a9950f2.xml,161,327,240,289
./Images/dfebb432-82cd-4154-b919-0d8be2c0d85a___5e4697c6f639f3f341b2feb170d72795af3fc998-jpg_jpeg.rf.84a6a1526b6dd44b8037a95461707cac.xml,143,317,199,247
./Images/c02b3989-8334-4cf7-b69c-bcd177e209d4___mqdefault-jpg_jpeg.rf.7de7f5db7c6d8f06357d905d0596208a.xml,98,224,18,56
./Images/car-wbs-TN19S4523_00000_png.rf.c1920cc4ebc90c2261335a740acf04ec.xml,154,217,177,199
./Images/car-wbs-MH21V9926_00000_jpg.rf.c6e91d297bfda739e9ad50cf59a00674.xml,106,228,355,390
./Images/18d2b870-7817-46da-a59a-6406c1b472c9___1033_png.rf.b45194f5c6c04bf1792cd86b5de0073d.xml,115,259,272,329
./Images/07aaab79-71ee-4ea3-a9e6-640191183947___3e7fd381-0ae5-4421-8a70-279ee0ec1c61_1208484d1392541449-nissan-terrano-official-review-img_20140215_181708_jpg.rf.9fc1fbf670bf272c50ed5581957da3e7.xml,1313,1812,1696,1881
./Images/bbf22d00-3dd6-4338-b701-264e0c0c0aff___Maruti-Swift-DZire-Photos-1-jpg_jpeg.rf.bec0aa081ef6f25a282d30e64919477c.xml,194,385,234,269
./Images/2c9306ab-3454-4ca0-89fd-db3f51dabcef___3e7fd381-0ae5-4421-8a70-279ee0ec1c61_Nissan-Terrano-front-three-quarters-on-plain-ground_jpg.rf.7e85d35a109b4fcf8830f5e09d841644.xml,129,347,519,599
./Images/369ccb4b-88fe-4e97-91c1-3838da2b7563___3e7fd381-0ae5-4421-8a70-279ee0ec1c61_Honda-Jazz-Number-Plates-Designs_jpg.rf.7d96cab6673e851fbcd9df3ce73cf8ed.xml,206,365,140,245
./Images/49bdf0d9-4e64-41eb-9c19-eabdc4afb051___Maruti-Suzuki-Ciaz-Photos-30-JPG_jpeg.rf.e2e9c99025528015fcc08cb41d9ecf2d.xml,197,350,135,176
./Images/c41652d9-19ae-4a7d-8423-230340ac30bc___Skoda_Laura_DSG_Long_Term_Review-125-jpg_jpeg.rf.d0e60c944f3f76cd07af76c6034574a6.xml,394,595,449,511
./Images/a2d49f53-4121-4627-b5d9-069f8b2f8490___840256171_1_1080x720_maruti-suzuki-wagon-r-vxi-with-abs-minor-2014-petrol-erode-jpg_jpeg.rf.d99dbaffdfe7af40e2dca22c55640673.xml,104,250,219,260
./Images/acd85f93-544d-494e-b2f3-2d445937bb0b___new_1431956d1446017445-number-plates-merchandise-canvas-ink-gurgaon-edit-closed-thumb_img_4418_1024-jpg_jpeg.rf.b524a68633f73bd18523322099c4636f.xml,130,396,130,205
./Images/car-wbs-MH15BD8877_00000_png.rf.d8f9f7ba42356d6f6a467d99037a964e.xml,101,203,181,211
./Images/07bd977e-d578-49a2-b345-7cee5a4db6bf___new_1031520d1356604430-skoda-rapid-joins-family-edit-sold-wp_000281-jpg_jpeg.rf.f5a4b2a699e5730ef78e7d624b3704f1.xml,163,371,211,252
./Images/60842fa7-0a2e-4407-b41c-933d93bdbb35___3e7fd381-0ae5-4421-8a70-279ee0ec1c61_nissan-terrano-red-rear_jpg.rf.eef8a3b671ff30a14e3a1ee27c64b8b7.xml,149,238,214,252
./Images/52abe2c4-fde3-45b2-beec-f070e6ed98c7___Volkswagen-Vento-Rear-view-46765-jpg_jpeg.rf.9d3c15f7da15eea4d353b58b7665e1f3.xml,252,367,202,226
./Images/car-wbs-MH12BG7237_00000_png.rf.180bd14265238276f67b752f844f495d.xml,54,208,75,115
./Images/6578ae52-8431-4854-ba24-756888891756___1496414894_2017-maruti-suzuki-ciaz-jpg_jpeg.rf.73ad5edb699c52bfd6f9aeec6d9e02e5.xml,294,432,180,220
./Images/e29b6eea-504a-4da2-8503-5bd3443f3bd8___maruti-suzuki-wagon-r-front-left-rim-jpg_jpeg.rf.f071ce42f6dd363191c7c812347de822.xml,120,185,105,133
./Images/car-wbs-MH20EE045_00000_jpeg.rf.f05db922308d60d396906f3304a899b0.xml,170,304,112,148
./Images/car-wbs-TN37CR4019_00000_jpeg.rf.d5eb14c8b26e7871cb7b5b38da78c95b.xml,102,296,271,357
./Images/car-wbs-MH12DE1433_00000_png.rf.17a0d2728acde3d0c019cf31f0a5a707.xml,154,296,140,180
./Images/8b9e7112-9149-48fb-b8e8-c3e89cce5af0___1074650_10201043987997310_227646612_o-jpg_jpeg.rf.a51f44184373388951b1ee879cebe940.xml,248,420,250,305
./Images/658af519-5290-4ae5-8dd6-694bab9aa458___3e7fd381-0ae5-4421-8a70-279ee0ec1c61_848765390_1_1080x720_nissan-terrano-xl-d-plus-2014-diesel-coimbatore_jpg.rf.f8055c880ebd2b90e298bd5cd07b5a0d.xml,224,349,453,507
./Images/car-wbs-KL01CA2555_00000_jpeg.rf.3565e80cdfb70da738162120f9769017.xml,236,420,130,175
./Images/2424211e-e6ba-4478-8ed1-6a04e25499c7___main-qimg-7673aeac86d0ef987deb837552c5dd4c-1_png.rf.66b187caabc73865099956467452498a.xml,141,297,277,334
./Images/b79f870d-15c7-48e3-8874-7c0e53e29f75___3e7fd381-0ae5-4421-8a70-279ee0ec1c61_754eab882b8290b29a0454dd45580a39_555X416_1---Copy--2-_jpg.rf.f879ce8d40274989282675517b4b73d9.xml,73,129,128,152
./Images/car-wbs-MH14EP4660_00000_jpeg.rf.dc24faf73293a55c8f5b4d92150da087.xml,102,221,175,201
./Images/e354039f-d73c-4f12-9df5-f0129345fa79___scorpio-JPG_jpeg.rf.16811d63bc38d06abdeeaaf2c0b529c3.xml,151,253,189,222
./Images/f20708c6-14cd-46ff-b8f1-6faef5fd8d2d___3e7fd381-0ae5-4421-8a70-279ee0ec1c61_Nissan-Terrano-20346_jpg.rf.ab9d57c4f137323bbb0dfc9d8fd78190.xml,155,418,227,302
./Images/422aaf6f-dd4a-450f-ac6b-65966ab512d0___1431956d1446017445-number-plates-merchandise-canvas-ink-gurgaon-edit-closed-thumb_img_4418_1024-jpg_jpeg.rf.73f92176f58f88f09cbd6418991bf0a0.xml,292,566,396,491
./Images/59e121dc-ebc6-4e4c-ba88-7fe04b569218___Autopsyches-Skoda-Laura-6-jpg_jpeg.rf.194683bec6325d31c830ca98b90a6eca.xml,294,446,219,261
./Images/car-wbs-DL7CN5617_00000_png.rf.86a759a62965899f7f498a5830b94e0d.xml,144,261,180,212
./Images/f7ba7a93-e8d7-4253-b327-d87e3f2bb747___3e7fd381-0ae5-4421-8a70-279ee0ec1c61_2013-Nissan-Terrano-Rear_jpg.rf.4850aa130f754b7764854dbb8d948913.xml,632,795,315,361
./Images/5231116f-7a07-4ce2-b437-d34b497e7969___3e7fd381-0ae5-4421-8a70-279ee0ec1c61_844329566_3_1080x720_nissan-terrano-xe-d-2014-diesel-_jpg.rf.af1375d213e0f40666fe3bcc4559bd9c.xml,186,359,335,389
./Images/c06d4d42-591f-429e-92b4-20e701f89c14___2014-VW-Polo-facelift-spied-India-rear-jpg_jpeg.rf.3e295c1f869093a8ed78b6bafc2d4ed2.xml,436,668,701,784
./Images/26cfb3dd-3731-4fd0-a6c2-c44e3ce7498a___used_cars_in_keralaused_bikes_in_keralaautomotive_news7-jpg_jpeg.rf.1a0c988e71dc7a190c172c942f2cc6e0.xml,166,318,280,331
./Images/car-wbs-KL10AV6342_00001_jpg.rf.a74ed25cd5b8568af38f9a7a97889bee.xml,108,653,251,411
./Images/377b225b-e978-4e7c-8e5e-f10d8effc336___Maruti-Suzuki-Ignis-Rear-view-94486-jpg_jpeg.rf.c2f2b2cce4ecde47997bf6dc30913870.xml,155,309,224,285
./Images/3f677265-d5fa-439f-be23-feaacce22c49___3e7fd381-0ae5-4421-8a70-279ee0ec1c61_848126147_2_1080x720_nissan-terrano-xl-d-plus-2014-diesel-upload-photos_jpg.rf.9c88ad0bc96abf4dbb5ccb8fde977370.xml,126,269,223,285
./Images/28fc10e3-681b-4086-9c15-28934ae86f7e___3e7fd381-0ae5-4421-8a70-279ee0ec1c61_nissan-terrano-amt_827x510_71478504527_jpg.rf.a838e212868314c3a5fb3d54aac48882.xml,109,188,282,321
./Images/car-wbs-PB08CX2959_00000_jpeg.rf.2a1bc48aedcd319ebb60c4104175545f.xml,96,313,427,468
./Images/89d26be7-258a-4470-b0fe-d1df57b20d55___new_Skoda-Octavia-5-jpg_jpeg.rf.18b999596b4d39fa6c9eda741198958b.xml,181,248,204,233
./Images/1438b735-2d21-4879-8ed4-e5fa086e70c8___Maruti-Suzuki-Swift-Dzire-1-jpg_jpeg.rf.d01f66007ee5eed0abc37c908bb527ab.xml,189,337,265,311
./Images/7c8229d7-7e37-41a6-9262-d5da278c8d8e___139379d1243147524-ok-have-dealers-name-number-plate-1-jpg_jpeg.rf.90017448ce5e04a2fe4bb91bcb7a4af1.xml,260,727,228,385
./Images/a9268f51-fbb4-42c2-b88c-f5ef9f8ead42___2266_7T4G0510-JPG_jpeg.rf.f1636bb1ea86faf936368d6111f2775a.xml,151,346,259,295
./Images/ae0bb069-0e7e-412a-9473-e8e0d4041cbc___135718d1400912281-skoda-rapid-1-6tdi-cr-mt-elegance-ultima-candy-white-white-monster-_mg_3000comp-jpg_jpeg.rf.6255b23de9c5ed93792cce3fbc396638.xml,339,427,187,226
./Images/8da5183c-275f-4294-a5a8-276e10ac5ad0___3e7fd381-0ae5-4421-8a70-279ee0ec1c61_nissan-terrano-amt_827x510_81478504265_jpg.rf.ad63de06287d28b1a474584b4fdd1625.xml,327,570,295,444
./Images/car-wbs-TN99F2378_00000_jpeg.rf.bd8c730da7c38bddb504c7872b749f38.xml,61,186,21,56
./Images/car-wbs-TN21AT0492_00000_jpg.rf.24e6845153650d9d6bee2af3e5d3a90a.xml,409,599,323,413
./Images/868b996f-1f40-47ca-8222-b0f2750d7010___3e7fd381-0ae5-4421-8a70-279ee0ec1c61_nissan-terrano-left-side-view_jpg.rf.0113a0c7cb6f0fb366b2d5ed93a326f5.xml,86,134,132,149
./Images/car-wbs-KL20K7561_00000_jpeg.rf.7c313dfbd0b1b35f801cdc9c4756c451.xml,165,325,162,202
./Images/6ed8b283-5cf5-4727-9969-c79f70f47e80___2-cars-same-numbers-jpg_jpeg.rf.23af9dca5fd3e267391351325b0e21e2.xml,73,161,144,176
./Images/bb210ab4-795c-4b2b-9b6e-4597cbc67375___White-2BPlate_jpeg.rf.0015eb60486c6e7e47b2040e510fe9de.xml,166,274,220,247
./Images/car-wbs-TN21BZ0768_00001_png.rf.fc8500643fdfd290eff3552fdef23377.xml,81,124,116,129
./Images/car-wbs-MH20EE0943_00000_jpeg.rf.041a664470355912c1302a857313ba8d.xml,106,233,272,318
./Images/car-wbs-KL55R2473_00000_jpeg.rf.577ca67b8f380205ccd7a1ab1894329c.xml,134,333,154,210
./Images/e750b959-1b5a-41bf-bf64-d8099089e909___3e7fd381-0ae5-4421-8a70-279ee0ec1c61_Nissan-Terrano-Duster-launch-dare-pics-price-interiors-images-1_jpg.rf.a11a4fa1784f1040346ed99edb12e36f.xml,296,563,353,429
./Images/car-wbs-MH20DV2362_00000_jpeg.rf.f1d692ed162d6fd0373989d15c92f4f5.xml,21,207,139,178
./Images/c795950c-766a-4a2e-9636-62d663d6f06b___62bf1edb36141f114521ec4bb4175579-jpg_jpeg.rf.8e5d0b2026ca137a3b22f3f8f3807fb3.xml,829,880,292,345
./Images/car-wbs-TN07BV5200_00000_jpeg.rf.1d76f0631faa1d7b5d4e838027c04244.xml,64,240,356,406
./Images/car-wbs-TN59BE0939_00000_jpg.rf.d84bfe312d81118eb2ef1c216e238306.xml,214,330,460,498
./Images/car-wbs-MH06AW8929_00001_jpeg.rf.51cc27b6b399c3c0e562acc657630f27.xml,191,362,126,182
./Images/b266759c-f9e9-47c1-9042-4c7aef7d441d___1711769d1514801394t-toyota-innova-crysta-2-4-gx-ownership-review-edit-10-000-km-service-done-vs-jpg_jpeg.rf.7e4915efc0a547a315874d2df241e180.xml,126,186,121,158
./Images/15e7c19f-da3c-4f0d-91f3-552afabc8961___41FxrEl7jHL-jpg_jpeg.rf.05fc40fd23cb9007bd2c6175b6325c13.xml,147,370,101,158
./Images/b79f870d-15c7-48e3-8874-7c0e53e29f75___3e7fd381-0ae5-4421-8a70-279ee0ec1c61_754eab882b8290b29a0454dd45580a39_555X416_1---Copy--3-_jpg.rf.969656b4f08593d3cf8524c97ea46e00.xml,240,286,111,128
./Images/62b58053-425c-4924-b129-c4a6580f3562___product-500x5001_jpeg.rf.d7df64b79b240ac03533e49908840096.xml,233,429,96,150
./Images/504e7c29-e1dc-48c9-ace6-738cf934e368___2017-skoda-octavia-rs-12-jpg_jpeg.rf.dae4663dede62b5c5414165fe3bf8433.xml,291,422,192,229
./Images/967ba4a0-eb8e-4734-aa09-c7143d0404b6___39720161008_150234-jpg_jpeg.rf.4d72bce35a38e1c28ad1a40462d5abdd.xml,167,319,211,254
./Images/bdad5f66-70ad-4241-9a62-bba1123c3486___3e7fd381-0ae5-4421-8a70-279ee0ec1c61_1447945d1449508546t-my-nissan-terrano-85-ps-_img_000000_000000_jpg.rf.d0bc6b53b0536a32efa5041d3b78a3d0.xml,398,466,276,302
./Images/a285cdf6-4640-41ee-b3f3-b721f334466f___Skoda-Octavia-RS-launched-in-India-3-jpg_jpeg.rf.14c27e461a69a98d451b2f9085a5fc04.xml,177,347,256,297
./Images/6767eddd-bf2f-4270-aa1f-6146738895ab___3e7fd381-0ae5-4421-8a70-279ee0ec1c61_Nissan-Terrano-20300_jpg.rf.16234de2c09bd250e385c245288e235f.xml,357,425,220,242
./Images/car-wbs-MH20EJ0364_00000_png.rf.61103cbd7cef2870cbce0f79538874ce.xml,47,210,154,196
./Images/cd506968-8676-4df3-9150-d1c2e618f4c2___3e7fd381-0ae5-4421-8a70-279ee0ec1c61_nissan-note-india-testing_827x510_81508219864_jpg.rf.824cefeb301ef2bbc243d69b75ddc1ab.xml,343,580,274,322
./Images/fda5760a-c6ff-43a9-8ce7-61e808f109ea___3e7fd381-0ae5-4421-8a70-279ee0ec1c61_nissan_terrano_ii_nissan_terrano_ii_2_7_tdi_se_4x4_3330085523722771900_jpg.rf.a6ab4dee47d5d7c71acd9615e37f070f.xml,460,557,287,356
./Images/8edca6de-d964-4027-823d-f70d3f872412___12042943_1003224833031653_9073848483429898813_n-jpg_jpeg.rf.d3208997577684c49d2908dc457c8bed.xml,213,400,164,207
./Images/a34aeb21-ffe8-4357-80d3-8f212c62c816___new_main_cropped-jpg_jpeg.rf.d0f0b66a91d72f119020e22c555a1416.xml,201,348,105,149
./Images/5345a45f-8d1b-4984-b5ee-a69fc4cbda6a___new__bd7f7862-d727-11e7-ad30-e18a56154311-jpg_jpeg.rf.f67d86193694b4d7fef8cc4f2a49dcd6.xml,364,432,173,196
./Images/a970d6e0-5948-4412-a1ec-67c5240722a8___images-gallery-misc4-250x250-jpg_jpeg.rf.e923b3c2dbf5f836a35d5a540e248d23.xml,28,215,45,122
./Images/car-wbs-TN21BC6225_00000_png.rf.a14e7a278ecf3c2127cce1d9d9ce2631.xml,44,144,117,148
./Images/4eb236a3-6547-4103-b46f-3756d21128a9___06-Sanjay-Dutt-jpg_jpeg.rf.1453f189ff3ea9da406c28bf191db157.xml,81,259,394,446
./Images/aa221c22-6600-4f05-9eb9-3676ef0b22e0___69590d1226627898-high-security-number-plates-india-d1-jpg_jpeg.rf.a7c1e1b0733a7c7531a46924935793f2.xml,160,897,267,425
./Images/fac9f4e6-c4b9-4872-86da-79d58ea2adc5___5273-jpg_jpeg.rf.c300021c3c7138230e5b5c033446c04e.xml,137,214,150,175
./Images/2adfb5e7-e70a-4749-b5fa-8c233c0d47d9___new_1572920d1478091901-your-favourite-number-plate-font-jetta-german-font-jpg_jpeg.rf.a3611d219adde9a078a707ad2185546a.xml,161,364,102,144
./Images/57e92915-935a-4a91-91f8-f3ad70040a6e___3e7fd381-0ae5-4421-8a70-279ee0ec1c61_847071203_1_1080x720_nissan-terrano-xv-d-thp-premium-110-ps-2015-diesel-ghaziabad_jpg.rf.5cde05844293d62569817623844e0971.xml,184,347,581,635
./Images/22dc6b5f-ff5d-4bb4-beb2-0f5fd9e75787___i10_Latest_Acrylic_Number_Plate-jpg_jpeg.rf.4575f935cd0158bae229d519e3158c9c.xml,150,331,166,216
./Images/car-wbs-TN09CH7770_00000_jpeg.rf.a85fc651adba5c2f118f2810a6c5b4f8.xml,121,233,18,57
./Images/car-wbs-MH20CS1941_00001_jpeg.rf.7dc6a9f62f7159f74f05fa446c607e37.xml,209,432,116,178
./Images/car-wbs-MH46X9996_00000_jpg.rf.d74424780742d2e1d09f7687ea8643bf.xml,121,267,317,354
./Images/3bc3f147-2d6b-484a-8481-4a49fd8afe23___3e7fd381-0ae5-4421-8a70-279ee0ec1c61_844581764_1_1080x720_nissan-terrano-xv-d-thp-110-ps-2013-diesel-faridabad_jpg.rf.af2dfbee0406fa54295b750eb98f62c2.xml,190,395,497,579
./Images/car-wbs-KL54H369_00000_jpeg.rf.fb347e1c7c36b03b564643136469075d.xml,292,543,473,548
./Images/3febea0e-53c0-4b30-880c-3061458b93ce___Maruti-Vitara-Brezza-rear-end-full-review-jpg_jpeg.rf.5be787847a2e4b3f02af4aaf4ed0ec0c.xml,344,578,190,283
./Images/b117ba53-d563-49c2-806b-343666616815___new_Maruti-Suzuki-recalls-75419-Baleno-cars-1961-DZire-cars-only-AGS-variant-Motown-India-Bureau-2-810-jpg_jpeg.rf.3ec275a554bf5cc3df27ff4bf178a2ad.xml,119,217,115,147
./Images/0850c175-0b8d-47f2-801c-e29f1dbdb367___3e7fd381-0ae5-4421-8a70-279ee0ec1c61_571_jpg.rf.3c9a697977d6ffa2b6f8f63335820f52.xml,383,603,306,378
./Images/56b46df3-223c-42c8-a6bf-e95e5bac29cc___9214a754343030395508e104d7948167_large-jpg_jpeg.rf.7029b41f0a50e74a4468600062324d5a.xml,129,360,430,487
./Images/fc1f58f0-2f54-4545-8915-2936d08dcce1___new_Skoda_Laura_DSG_Long_Term_Review-125-jpg_jpeg.rf.98d2b143cc389d197b3f86e33045f480.xml,182,350,229,283
./Images/936623d4-b47c-4da7-ab2e-6ac3cc63f861___new_216279d1481352986-silver-venom-mahindra-scorpio-s4-2016-ownership-review-wp_20161122_11_19_00_pro-jpg_jpeg.rf.874d40655879aec44745d9453c23bdc2.xml,177,383,127,178
./Images/b7fd8aaa-8621-449f-b99c-f45778f1a25c___3e7fd381-0ae5-4421-8a70-279ee0ec1c61_1208485d1392541449-nissan-terrano-official-review-img_20140215_181507_jpg.rf.85c3624a8f60e44ba9c0c63426549f15.xml,228,437,771,896
./Images/car-wbs-HR26BC5514_00001_png.rf.77b0fce0d599886d1f8a5c338553c8fe.xml,156,240,217,245
./Images/c30a1535-9d8f-465e-a7f4-aa726f19f0b1___new-maruti-alto-k10-2_625x300_41414071192-jpg_jpeg.rf.9d4e6b25ab86cd82ba57f6c2a6a5dbb4.xml,244,416,367,419
./Images/2430703d-0fb3-4eb2-9765-4f9301f232cd___3e7fd381-0ae5-4421-8a70-279ee0ec1c61_Terrano-Duster-Rear-Comparison---Copy_jpg.rf.a606d61321b92811c7bffc7c3f6e3db4.xml,467,688,271,336
./Images/car-wbs-MH01AE8017_00000_jpeg.rf.786813921411600444606ca5f26f7ef0.xml,14,445,24,156
./Images/car-wbs-KL10AW2814_00001_jpeg.rf.30041c296d998921ad476a5bff72ee2d.xml,110,423,187,264
./Images/e77e5db3-2bc6-4223-a258-2334256be65e___new_205356-maruti-swift-torque-blue-vdi-ddis-glistening-rockstar-enters-home-img_7531-jpg_jpeg.rf.614b422978021837d04176bb45d8970e.xml,123,371,133,197
./Images/car-wbs-MH12NE8922_00000_png.rf.de4e5b37a53b2d18781883072370e0e5.xml,51,175,124,157
./Images/84969111-2ec3-4914-b3bb-da5aaac701e7___1-jpg_jpeg.rf.cfe37b225a4e9f8d18b0fd370714f751.xml,47,112,229,249
./Images/a95a0d9d-5d40-4abb-bd3e-6c6d94bef5b1___IMG_3310-jpg_jpeg.rf.c3db1b108081758896754c963a6cbc58.xml,140,307,133,183
./Images/car-wbs-TN74AL5074_00000_jpeg.rf.e30a49ab5e942b8e48efcd4f97552e1b.xml,176,383,119,186
./Images/fac9f4e6-c4b9-4872-86da-79d58ea2adc5___5273-jpg---Copy_jpeg.rf.765c5de309ec2863af91a0194803515a.xml,97,175,219,235
./Images/ec4bde57-11dd-4d59-96ae-b5d3b28afda5___Maruti-Suzuki-Celerio-Back-Number-Plates-Design-jpg_jpeg.rf.a186b6ca5add7599c760a75f77630b89.xml,105,428,183,267
./Images/b79f870d-15c7-48e3-8874-7c0e53e29f75___3e7fd381-0ae5-4421-8a70-279ee0ec1c61_754eab882b8290b29a0454dd45580a39_555X416_1_jpg.rf.782273a6e27617177056e4e4a301caf6.xml,116,174,124,148
./Images/car-wbs-UP16CT2233_00000_jpg.rf.9d673634c233a0d95fdfccdf2bfc7de3.xml,178,343,574,628
./Images/car-wbs-HR26BR9044_00000_png.rf.0a405c4f0c77a83ee58677220180e5bc.xml,87,165,110,137
./Images/car-wbs-KL12G7531_00000_jpeg.rf.4f050489634acc01ce8dad4b49c968d7.xml,661,890,227,302
./Images/car-wbs-CH01AN0001_00000_png.rf.b973318f396b67b595c22e001653fc20.xml,285,426,241,280
./Images/0c9ebe94-827d-4c74-9950-6816e70d1bab___IMG_8883-jpg_jpeg.rf.3162f6b07a541463d00978ef2bf97a54.xml,184,322,113,151
./Images/1f0a7fe8-ac9b-4b54-9d55-e11f34f9f98b___9f6521b2ddb7b8e40ffd510966ffcca3-jpg_jpeg.rf.611b7855f73710283ab0422fe56c9a83.xml,317,380,112,145
./Images/car-wbs-MH20CS4946_00000_jpeg.rf.a6c80b0527e0c9d668f96903c3a3d130.xml,167,276,173,202
./Images/car-wbs-MH20EE7597_00000_jpeg.rf.10b2c26f14a1ed2369da6601a48376f2.xml,498,1777,946,1271
./Images/car-wbs-MH03BS7778_00001_jpeg.rf.137a449aba1005fc6deea62ec84e2048.xml,297,561,319,383
./Images/3fd93f90-f778-4f14-8b0f-67dd0be88a06___561644d1308248087-beware-fake-registration-numbers-imported-cars-proof-pg-3-257491_10150223034216705_685851704_7325894_6---Copy_jpeg.rf.aced8ffacd32ec6b4020eaed4deeb6c6.xml,141,270,250,289
./Images/cf011553-f802-4b11-99ec-6e03d731b646___new_2014-VW-Polo-facelift-spied-India-rear-jpg_jpeg.rf.6b26df337131944a74333e5219d7e8dc.xml,188,377,315,362
./Images/ed6ee171-691a-4563-a79d-4f47d8ce9f85___Maruti-Suzuki-SCross-Exterior-80675-jpg_jpeg.rf.3deedfafa20c64c60912c3b3ae1aa473.xml,123,403,259,332
./Images/c03a7106-1fb9-471f-bbb0-2e8f4a29759a___38e7b1109eb976088e1df2f14ac4c08c-jpg_jpeg.rf.432c302d3ba5b54f16ba11c7512084aa.xml,33,78,129,157
./Images/car-wbs-MH12JC2813_00000_jpeg.rf.d5a0f5129615213fd98022a8b45df6d7.xml,138,341,155,208
./Images/26d2b905-4055-41fe-a933-47db0e8a0a7f___37cba8c3f681f0cb5694f16a4c54aa7b-jpg_jpeg.rf.024ac1264c7dc2eaf56fc70d6d5d7cbc.xml,38,112,204,258
./Images/car-wbs-KL01CC50_00000_png.rf.aafcbaf7a0291da702299dd22e2fa300.xml,223,438,89,148
./Images/car-wbs-MH02BM5048_00000_jpeg.rf.bc723298f86eb211281c2ba63fc45d9d.xml,162,319,64,104
./Images/684f079f-6085-420c-8e4e-e1aed270fc05___Toyota-Fortuner-Number-Plates-Design-jpg_jpeg.rf.68126742600d201787b2e9acc904f60a.xml,536,783,371,485
./Images/cc80e5c6-2cb7-40f7-a072-3f4cb5a56c65___Dileep_Car_Innova_1-jpg_jpeg.rf.d3ca7bf316b442ef62fe06b7839ec133.xml,448,817,756,926
./Images/b79f870d-15c7-48e3-8874-7c0e53e29f75___3e7fd381-0ae5-4421-8a70-279ee0ec1c61_754eab882b8290b29a0454dd45580a39_555X416_1---Copy_jpg.rf.0c19cc68bf502e77b2340be26ee38fc1.xml,56,120,135,159
./Images/0a0d1748-48cd-4114-90cb-b5baf0b3cbe4___3e7fd381-0ae5-4421-8a70-279ee0ec1c61_147274518_15141875973_large_jpg.rf.4542000ba46a0cda0463f08629ad96bf.xml,188,334,317,360
./Images/car-wbs-KL53E964_00000_jpeg.rf.f334f5b34dc4ba3e7e9f2fe05814e873.xml,260,488,383,464
./Images/69b56ab9-accd-4c67-aa7a-a884c018e5ab___speedex-number-plates-nandanam-chennai-car-number-plate-dealers-3zh7n2s-jpg_jpeg.rf.cd7f4734eb4348c9c7c90e11fa6bab8e.xml,332,608,941,1021
./Images/931dfd5a-3d1f-4a08-9234-0453545e27ea___1297127d1412798792-maruti-ciaz-official-review-imag0627-jpg_jpeg.rf.3cff89b8830e54c74e3e811554c6d35a.xml,161,346,120,177
./Images/car-wbs-DL8CX4850_00000_png.rf.fe8e0b0d88003cdc79e17424b986df3d.xml,118,265,199,236
./Images/df2f7a76-d701-468f-b54a-c5d63d13b349___CM-Akhilesh-Number-Plate-jpg_jpeg.rf.8bcbe065ede8915cfa818931b5f0e74c.xml,303,580,195,278
./Images/car-wbs-KL07CB8599_00000_jpeg.rf.d6425387c9273ecadd6ac61f2842fe1a.xml,212,333,136,166
./Images/7f7e27cc-930a-46cb-b3af-6e43da8b566d___3e7fd381-0ae5-4421-8a70-279ee0ec1c61_Nissan-Terrano-Petrol-Review-Images-Black-Front-Grille-720x480_jpg.rf.f9889899a9ca7086628c788715473403.xml,414,600,331,411
./Images/car-wbs-KL43B2344_00000_jpeg.rf.6db724414d3b4e67e012cce9c5b68861.xml,168,341,67,115
./Images/a508ecb5-bfdd-46ba-8640-bb827b7c089c___Volkswagen-Polo-jpg_jpeg.rf.99a6bd94bfb833c525a3156ac0b2b2bc.xml,565,676,205,242
./Images/7f369852-27b9-4141-8c48-9e88b20743a6___new_Mahindra-Scorpio-Taillamps-Night-JPG_jpeg.rf.fd024098c0dd77da73305a392feb39b4.xml,142,397,205,286
./Images/581e2224-3640-4bad-9d90-c2076a9f64f4___617609-jpg_jpeg.rf.33e05d756d68433c0e03a60b283fdbaf.xml,169,285,143,185
./Images/0a720df9-e4ef-4e44-8c13-b39b9be8444d___3e7fd381-0ae5-4421-8a70-279ee0ec1c61_Nissan-Terrano-6_jpg.rf.8cc49663a83438467a1cde24bd34b31f.xml,88,243,319,373
./Images/65e2825e-943f-48a3-a4e2-7e81d649ace2___3e7fd381-0ae5-4421-8a70-279ee0ec1c61_nissan-terrano-L_jpg.rf.46c1ee181b5960abd4495784911e2a6c.xml,129,247,259,307
./Images/dd58e02d-51a5-4bfd-87af-ff51c576086e___2014-mahindra-scorpio-suv-10-jpg_jpeg.rf.603b4d738af301aa38693e24dca4851a.xml,634,847,459,545
./Images/car-wbs-MH20EE7598_00000_jpeg.rf.29b1f792347d909d9d74acf6b44e904c.xml,65,237,256,297
./Images/car-wbs-MH20BY3665_00001_jpeg.rf.24eb62eb23da90a08c4adde91c41dc2f.xml,41,182,10,45
./Images/f16274c4-0d3d-4c85-9dcc-5ac71734b281___speedex-number-plates-nandanam-chennai-car-number-plate-dealers-1ofla74-jpg_jpeg.rf.a16f8f739cc3e9d9af52a39315b84afb.xml,174,559,207,327
./Images/car-wbs-TN38BY4191_00000_jpeg.rf.f0c84f98a7c3ad66d2dac3e1c953277b.xml,98,232,215,261
./Images/car-wbs-TN52U1580_00000_jpeg.rf.ef640ffaea0f254a8997d0d9f68d8e26.xml,46,256,240,296
./Images/4f86fbad-3a04-4c11-a8fa-e897727fc2c7___Number-plate-1-jpg_jpeg.rf.1bc7916e85805128646b59433fee503c.xml,314,575,314,398
./Images/8625b831-13a1-4b7d-9466-826cd6d36c67___1304650d1414861991-number-plates-merchandise-canvas-ink-gurgaon-edit-closed-10471269_1537317779842156_5063668061078329632_n-jpg_jpeg.rf.6394d974b0f3aca0f03321f73a20a68f.xml,283,496,339,406
./Images/2153dfcb-5968-4bfc-86ba-7ee8ec2d25b1___163231d1425035435-skoda-rapid-tdi-remapped-code-6-tuning-ind-front-jpg_jpeg.rf.09f906678bf31b28f7c9212144870dca.xml,62,243,358,414
./Images/bb767d81-73b4-4c47-b619-7efde490b199___3e7fd381-0ae5-4421-8a70-279ee0ec1c61_oem-name0---Copy_jpg.rf.65fb42d6c8fd070fd34cab3cdcff1d39.xml,61,105,204,220
./Images/6254bb73-d8a1-4f04-89a9-92caef98e233___1658240d1500548920-close-look-2017-skoda-octavia-facelift-hands-free-parking-front-bumper-jpg_jpeg.rf.1d3286751af4b49f49469deb0bfbb6be.xml,1253,2447,991,1261
./Images/175ff546-0679-4cbb-ab03-acfcd96877b7___Maruti_Wagon_R_Rear-jpg_jpeg.rf.97c8fce94ef4a203f267dd1fcc9c498d.xml,195,360,277,331
./Images/85bd88a0-ac9a-412e-ba44-2a29d209e212___4336_1466054535_9-jpg_jpeg.rf.206d66ec9c030a9b8f8c28f6e00b47c2.xml,166,275,188,233
./Images/bcdc8b42-5dd4-48e2-8104-706440524bfe___hqdefault0-jpg_jpeg.rf.997bec9e505a8ae6d595130344f8dc23.xml,3,462,73,157
./Images/car-wbs-KL454455_00000_jpeg.rf.af2b6fe379e9339e91ce146ef66e00ba.xml,131,254,8,58
./Images/347c849b-6cfa-4edb-af1f-b29bdad25c4d___new_New-Volkswagen-Polo-jpg_jpeg.rf.d9fe386376c0e27c95199cf3f23ac2b0.xml,19,137,130,162
./Images/car-wbs-TN21AT0479_00000_jpg.rf.ed443b3d098c7be2e31868c69fcbdbef.xml,225,302,309,337
./Images/bb767d81-73b4-4c47-b619-7efde490b199___3e7fd381-0ae5-4421-8a70-279ee0ec1c61_oem-name0_jpg.rf.27964deb4bc3bcd8aef91d16e623d7a7.xml,255,373,250,291
./Images/car-wbs-MH20CS1938_00000_jpeg.rf.377b2d8aa7d13524d20a8125d8a57359.xml,115,179,135,158
./Images/0b77e2a4-34db-486c-8d87-46186f5b7b88___3e7fd381-0ae5-4421-8a70-279ee0ec1c61_nissan-terrano-diesel-review-motorzest-04_jpg.rf.e1c517c2e83ea242b6e4f1e6299944c6.xml,419,500,311,340
./Images/e719f39b-e8dd-4fe0-9a41-71123932a486___226676869_4_1000x700_maruti-suzuki-wagon-r-duo-petrol-120000-kms-2007-year-cars_rev001-jpg_jpeg.rf.99c6fb5ff004b6d8c1d588dbd59697fa.xml,139,286,212,254
./Images/be483d11-33f0-4c1f-87b6-9844eea28996___1093346d1370435964-take-look-number-plate-photo-jpg_jpeg.rf.30a110fa14ba5f15a4decb99bc14bd1a.xml,257,400,255,312
./Images/fb939bb1-5257-4879-bafb-539472ffb73d___Maruti-Suzuki-Brezza-Number-Plates-Design-jpg_jpeg.rf.24b2f4a50825781f81947abb85196395.xml,181,341,206,261
./Images/6e772b68-a549-44e5-950e-4c376454c4e9___1557295d1474517501-toyota-innova-crysta-official-review-20160921_173216-jpg_jpeg.rf.9e7e016534717cd5c1b8897e0f611987.xml,191,441,231,300
./Images/car-wbs-TN42R2697_00000_jpg.rf.47978003104a633ba27d2155309e81da.xml,21,504,80,165
./Images/8dbb3ea7-8512-49e4-9ede-d4647e3b7dd2___158712081_5_1000x700_toyota-innova-v-2010-7seat-life-tax-kerala_rev001-jpg_jpeg.rf.edd7dcf2a6d4e6c18dbee3de3252c22e.xml,462,567,287,352
./Images/165eaa92-8e90-44e6-b132-8af462bae0c9___scorpio-rear-JPG_jpeg.rf.9adcc91305fe15489290c06770b67504.xml,37,107,131,158
./Images/2fbe224b-e775-4c74-b975-fd66d2397ef6___3e7fd381-0ae5-4421-8a70-279ee0ec1c61_Nissan-Terrano_jpg.rf.056bf5fcf4cf3d7d1f74b5fc098a6215.xml,710,789,347,381
./Images/c2feb2b7-fbb3-4e1e-ad48-cc8112a1ab3f___Maruti_R3_On_Test-jpg_jpeg.rf.33948cf4793ebc5f45b029bace57c132.xml,169,298,216,262
./Images/0073797c-a755-4972-b76b-8ef2b31d44ab___new_IMG_20160315_071740-jpg_jpeg.rf.58566f9b8ce5468132bb42928ec85ccf.xml,140,339,211,253
./Images/car-wbs-UP32FH2653_00000_jpg.rf.07df31fabde32023e3ba55471ab20a27.xml,310,453,311,353
./Images/59a40238-6b01-4bb9-9faf-3b595e67bcb3___3d-font-number-plate-500x500-jpg_jpeg.rf.3815544888723fd997176cc5e998a6be.xml,177,281,223,261
./Images/7c6227ed-9e92-4062-9591-b172cb32ec10___3e7fd381-0ae5-4421-8a70-279ee0ec1c61_Honda-Jazz-Front-Number-Plates-Designs_jpg.rf.bedfc87d3433f82f6ceb177ee073458a.xml,79,554,76,174
./Images/car-wbs-MH01AR5274_00000_jpeg.rf.ca7d2dc7a22e4e3caec303ddba2b29a3.xml,100,193,98,122
./Images/41209caa-2aa2-4003-b057-e0508c1d5ac9___Volkswagen-Ameo-Exterior-68165-jpg_jpeg.rf.18ecfc7b29e974ab768294c7dd89d88d.xml,200,272,197,234
./Images/5747d3e8-4dd0-435f-942d-34b84f03344c___Maruti-Suzuki-Swift-Number-Plates-Design-jpg_jpeg.rf.db782a15cdb1308d8b05951cff63e65f.xml,140,333,244,310
./Images/car-wbs-HR26CE1485_00000_png.rf.7eeb5c07221190c6ab7227e6fa1b3511.xml,231,353,272,312
./Images/d16041c1-831d-4cc9-8869-68be8b6e12d7___slider-new-2-jpg_jpeg.rf.348dbdf90f4d540d7b0f9a532fe59f21.xml,808,1031,236,301
./Images/7616cb19-df24-4d29-b679-5252391a547f___Skoda-Laura-rear-jpg_jpeg.rf.74fd6f423e5b8d8c421e35c539a6e6ea.xml,317,478,257,302
./Images/car-wbs-KA03MG2784_00000_png.rf.c530e5784632f4ab6a97c3c495b3eccc.xml,121,461,170,230
./Images/car-wbs-MH20CS1941_00000_jpeg.rf.7a3bd18e3804f59b3efcacebf033ea2b.xml,108,232,180,211
./Images/car-wbs-MH20DJ0419_00000_jpeg.rf.e92c74232c310c5188fbb86dcd4fe3db.xml,31,179,153,202
./Images/4434b404-dd10-4150-b226-b76b6ef95e43___new_224489195_8_1000x700_skoda-superb-2010--jpg_jpeg.rf.0624d0c1355a69133dac86cb19756fcc.xml,143,305,164,208
